<?xml version="1.0" ?>
<configurations xmlns:xsd="http://www.w3.org/2001/XMLSchema" xmlns:xsi="http://www.w3.org/2001/XMLSchema-instance">
  <tool_group>
    <name>Experimental</name>
    <description>Group of experimental tools</description>
    <tools>
	  <tool Name="Stiffness Study"/>
	  <tool Name="Clamp Placement"/>
	  <tool Name="Welding project"/>
	  <tool Name="Heat Source Optimization"/>
	  <tool Name="Mapping Tool"/>
    </tools>
    <Version>1.0</Version>
  </tool_group>
</configurations>
