<?xml version="1.0" ?>
<configurations xmlns:xsd="http://www.w3.org/2001/XMLSchema" xmlns:xsi="http://www.w3.org/2001/XMLSchema-instance">
  <tool_group>
    <name>RSW</name>
    <description>RSW tools</description>
    <tools>
	  <tool Name="Extract Midsurfaces"/>
      <tool Name="Create Partitions"/>
      <tool Name="Create Spot Weld"/>
      <tool Name="Mesh Non Partitions"/>
	  <tool Name="Mesh Partitions"/>
	  <tool Name="Write CSV"/>
	  <tool Name="Automesh RSW"/>
    </tools>
    <Version>1.0</Version>
  </tool_group>
</configurations>
